{"options":{},"indexes":[{"v":1,"key":{"_id":1},"name":"_id_","ns":"toror.posts"},{"v":1,"unique":true,"key":{"slug":1},"name":"slug_1","ns":"toror.posts","background":true,"safe":null},{"v":1,"key":{"state":1},"name":"state_1","ns":"toror.posts","background":true,"safe":null},{"v":1,"key":{"author":1},"name":"author_1","ns":"toror.posts","background":true,"safe":null},{"v":1,"key":{"publishedDate":1},"name":"publishedDate_1","ns":"toror.posts","background":true,"safe":null},{"v":1,"key":{"startDate":1},"name":"startDate_1","ns":"toror.posts","background":true,"safe":null},{"v":1,"key":{"coordinator":1},"name":"coordinator_1","ns":"toror.posts","background":true,"safe":null},{"v":1,"key":{"location.geo":"2dsphere"},"name":"location.geo_2dsphere","ns":"toror.posts","background":true,"safe":null,"2dsphereIndexVersion":3},{"v":1,"key":{"location":1},"name":"location_1","ns":"toror.posts","background":true,"safe":null},{"v":1,"key":{"map":1},"name":"map_1","ns":"toror.posts","background":true,"safe":null},{"v":1,"key":{"meetDirector":1},"name":"meetDirector_1","ns":"toror.posts","background":true,"safe":null},{"v":1,"key":{"courseSetter":1},"name":"courseSetter_1","ns":"toror.posts","background":true,"safe":null}]}