{"options":{},"indexes":[{"v":2,"key":{"_id":1},"name":"_id_","ns":"toc.posts"},{"v":2,"key":{"state":1},"name":"state_1","ns":"toc.posts","background":true},{"v":2,"key":{"author":1},"name":"author_1","ns":"toc.posts","background":true},{"v":2,"key":{"publishedDate":1},"name":"publishedDate_1","ns":"toc.posts","background":true},{"v":2,"key":{"categories":1},"name":"categories_1","ns":"toc.posts","background":true},{"v":2,"key":{"startDate":1},"name":"startDate_1","ns":"toc.posts","background":true},{"v":2,"unique":true,"key":{"slug":1},"name":"slug_1","ns":"toc.posts","background":true},{"v":2,"key":{"meetDirector":1},"name":"meetDirector_1","ns":"toc.posts","background":true},{"v":2,"key":{"courseSetter":1},"name":"courseSetter_1","ns":"toc.posts","background":true},{"v":2,"key":{"documents":1},"name":"documents_1","ns":"toc.posts","background":true},{"v":2,"key":{"results":1},"name":"results_1","ns":"toc.posts","background":true}],"uuid":"2e0d9d904fbf44f4a97d40a902520803"}