{"options":{},"indexes":[{"v":1,"key":{"_id":1},"name":"_id_","ns":"sydjs-site.links"},{"v":1,"unique":true,"key":{"slug":1},"name":"slug_1","ns":"sydjs-site.links","background":true},{"v":1,"key":{"createdAt":1},"name":"createdAt_1","ns":"sydjs-site.links","background":true},{"v":1,"key":{"createdBy":1},"name":"createdBy_1","ns":"sydjs-site.links","background":true},{"v":1,"key":{"updatedAt":1},"name":"updatedAt_1","ns":"sydjs-site.links","background":true},{"v":1,"key":{"updatedBy":1},"name":"updatedBy_1","ns":"sydjs-site.links","background":true},{"v":1,"key":{"state":1},"name":"state_1","ns":"sydjs-site.links","background":true},{"v":1,"key":{"author":1},"name":"author_1","ns":"sydjs-site.links","background":true},{"v":1,"key":{"publishedDate":1},"name":"publishedDate_1","ns":"sydjs-site.links","background":true}]}