{"options":{},"indexes":[{"v":1,"key":{"_id":1},"name":"_id_","ns":"sydjs-site.organisations"},{"v":1,"unique":true,"key":{"key":1},"name":"key_1","ns":"sydjs-site.organisations","background":true},{"v":1,"key":{"createdAt":1},"name":"createdAt_1","ns":"sydjs-site.organisations","background":true},{"v":1,"key":{"createdBy":1},"name":"createdBy_1","ns":"sydjs-site.organisations","background":true},{"v":1,"key":{"updatedAt":1},"name":"updatedAt_1","ns":"sydjs-site.organisations","background":true},{"v":1,"key":{"updatedBy":1},"name":"updatedBy_1","ns":"sydjs-site.organisations","background":true},{"v":1,"key":{"name":1},"name":"name_1","ns":"sydjs-site.organisations","background":true},{"v":1,"key":{"location.geo":"2dsphere"},"name":"location.geo_2dsphere","ns":"sydjs-site.organisations","background":true,"2dsphereIndexVersion":3}]}