{"options":{},"indexes":[{"v":1,"key":{"_id":1},"name":"_id_","ns":"sydjs-site.talks"},{"v":1,"key":{"sortOrder":1},"name":"sortOrder_1","ns":"sydjs-site.talks","background":true},{"v":1,"key":{"createdAt":1},"name":"createdAt_1","ns":"sydjs-site.talks","background":true},{"v":1,"key":{"createdBy":1},"name":"createdBy_1","ns":"sydjs-site.talks","background":true},{"v":1,"key":{"updatedAt":1},"name":"updatedAt_1","ns":"sydjs-site.talks","background":true},{"v":1,"key":{"updatedBy":1},"name":"updatedBy_1","ns":"sydjs-site.talks","background":true},{"v":1,"key":{"meetup":1},"name":"meetup_1","ns":"sydjs-site.talks","background":true}]}